{"user_message": "/imran", "bot_response": "All About Me\nYour Go-To Web Developer & Problem Solver\n\nHey there! I\u2019m **Imran Shiundu**, a passionate web developer who\u2019s all about creating smooth, **user-friendly** websites that leave an impact. I specialize in designing responsive, functional, and visually engaging sites that **empower** businesses to thrive online. Whether you\u2019re looking for a fresh new website or a complete revamp, I\u2019m here to bring your ideas to life and make them shine in the digital world. **Let\u2019s team up** and build something unforgettable!"}
{"user_message": "/start", "bot_response": "Hello! I'm NarmiBot. How can I assist you today? \ud83d\ude0a"}
{"user_message": "/start", "bot_response": "Hello! I'm NarmiBot. How can I assist you today? \ud83d\ude0a"}
{"user_message": "/start", "bot_response": "Hello! I'm NarmiBot. How can I assist you today? \ud83d\ude0a"}
{"user_message": "/start", "bot_response": "Hello! I'm NarmiBot. How can I assist you today? \ud83d\ude0a"}
{"user_message": "/help", "bot_response": "\nHere are the commands you can try:\n\n/start - Start the bot\n/help - Show this help message\n/info - Get information about this bot\n/joke - Get a random joke\n/quote - Get an inspirational quote\n/calc <expression> - Calculate a math expression (e.g., /calc 2+2*3)\n/mute - Mute a user in a group\n/unmute - Unmute a user in a group\n/kick - Kick a naughty user from the group\n/ban - Ban a user from the group\n/hello - Greet the user in a more personal way\n"}
{"user_message": "/help", "bot_response": "\nHere are the commands you can try:\n\n/start - Start the bot\n/help - Show this help message\n/info - Get information about this bot\n/joke - Get a random joke\n/quote - Get an inspirational quote\n/calc <expression> - Calculate a math expression (e.g., /calc 2+2*3)\n/mute - Mute a user in a group\n/unmute - Unmute a user in a group\n/kick - Kick a naughty user from the group\n/ban - Ban a user from the group\n/hello - Greet the user in a more personal way\n"}
